name,create_ms,activate_ms,final_state
w4c100-0,21.997,737.099,Active
w4c100-1,51.919,838.746,Active
w4c100-2,137.819,845.432,Active
w4c100-3,54.498,746.104,Active
w4c100-4,52.262,844.751,Active
w4c100-5,51.663,838.621,Active
w4c100-6,52.944,661.635,Active
w4c100-7,21.832,736.853,Active
w4c100-8,53.031,838.511,Active
w4c100-9,50.481,927.861,Active
w4c100-10,50.701,845.192,Active
w4c100-11,51.911,771.537,Active
w4c100-12,135.832,1052.898,Active
w4c100-13,54.056,736.826,Active
w4c100-14,51.187,950.180,Active
w4c100-15,50.353,950.268,Active
w4c100-16,135.811,1153.206,Active
w4c100-17,135.620,764.145,Active
w4c100-18,143.731,1134.987,Active
w4c100-19,51.206,876.663,Active
w4c100-20,143.865,1154.529,Active
w4c100-21,50.273,1134.035,Active
w4c100-22,50.165,872.895,Active
w4c100-23,51.437,1134.923,Active
w4c100-24,50.571,1030.745,Active
w4c100-25,135.919,950.115,Active
w4c100-26,50.718,877.860,Active
w4c100-27,51.119,1026.982,Active
w4c100-28,51.373,1031.912,Active
w4c100-29,228.394,1154.588,Active
w4c100-30,144.457,1154.812,Active
w4c100-31,50.552,837.975,Active
w4c100-32,50.616,829.760,Active
w4c100-33,135.702,1134.830,Active
w4c100-34,144.206,1134.639,Active
w4c100-35,144.083,1130.266,Active
w4c100-36,21.669,661.142,Active
w4c100-37,50.466,1045.537,Active
w4c100-38,50.432,1052.536,Active
w4c100-39,137.584,1231.983,Active
w4c100-40,51.763,1128.537,Active
w4c100-41,137.481,1130.246,Active
w4c100-42,144.064,1153.906,Active
w4c100-43,248.138,1231.800,Active
w4c100-44,52.624,736.600,Active
w4c100-45,50.232,1026.455,Active
w4c100-46,50.235,1026.748,Active
w4c100-47,325.924,1231.301,Active
w4c100-48,52.735,834.393,Active
w4c100-49,51.627,927.749,Active
w4c100-50,143.577,1154.498,Active
w4c100-51,50.555,844.504,Active
w4c100-52,135.861,844.368,Active
w4c100-53,144.210,1146.773,Active
w4c100-54,135.616,1155.371,Active
w4c100-55,52.504,668.882,Active
w4c100-56,135.320,837.748,Active
w4c100-57,143.955,1130.180,Active
w4c100-58,51.486,771.300,Active
w4c100-59,135.070,837.817,Active
w4c100-60,51.494,838.126,Active
w4c100-61,247.880,1231.800,Active
w4c100-62,53.996,1146.969,Active
w4c100-63,135.585,771.323,Active
w4c100-64,135.799,950.065,Active
w4c100-65,54.093,1052.704,Active
w4c100-66,50.406,950.217,Active
w4c100-67,51.057,1130.228,Active
w4c100-68,50.456,927.772,Active
w4c100-69,144.278,1130.106,Active
w4c100-70,135.267,844.673,Active
w4c100-71,135.544,1026.525,Active
w4c100-72,144.067,1128.547,Active
w4c100-73,50.692,950.223,Active
w4c100-74,135.572,844.385,Active
w4c100-75,144.204,1130.244,Active
w4c100-76,21.680,736.506,Active
w4c100-77,143.979,1133.403,Active
w4c100-78,51.462,927.864,Active
w4c100-79,143.580,1131.293,Active
w4c100-80,25.577,671.227,Active
w4c100-81,144.185,1154.845,Active
w4c100-82,144.052,1155.686,Active
w4c100-83,50.046,844.649,Active
w4c100-84,53.909,771.334,Active
w4c100-85,50.296,838.116,Active
w4c100-86,143.738,1130.284,Active
w4c100-87,144.303,1153.955,Active
w4c100-88,144.096,1153.001,Active
w4c100-89,143.596,1128.890,Active
w4c100-90,50.560,834.961,Active
w4c100-91,53.925,834.201,Active
w4c100-92,21.608,728.067,Active
w4c100-93,52.678,1135.044,Active
w4c100-94,228.152,1231.565,Active
w4c100-95,51.048,838.137,Active
w4c100-96,143.523,1130.168,Active
w4c100-97,51.212,1028.431,Active
w4c100-98,21.694,726.659,Active
w4c100-99,135.783,838.045,Active
